Country,region
Afghanistan,Asie
South Africa,Afrique
Åland Islands,Europe
Albania,Europe
Algeria,Afrique
Germany,Europe
Andorra,Europe
Angola,Afrique
Anguilla,Amérique du Nord
Antarctica,Antarctica
Antigua and Barbuda,Amérique du Nord
Saudi Arabia,Asie
Argentina,Amérique du Sud
Armenia,Asie
Aruba,Amérique du Nord
Australia,Océanie
Austria,Europe
Azerbaijan,Asie
Bahamas ,Amérique du Nord
Bahrain,Asie
Bangladesh,Asie
Barbados,Amérique du Nord
Belarus,Europe
Belgium,Europe
Belize,Amérique du Nord
Benin,Afrique
Bermuda,Amérique du Nord
Bhutan,Asie
Bolivia (Plurinational State of),Amérique du Sud
"Bonaire, Sint Eustatius and Saba",Amérique du Nord
Bosnia and Herzegovina,Europe
Botswana,Afrique
Bouvet Island,Amérique du Sud
Brazil,Amérique du Sud
Brunei Darussalam,Asie
Bulgaria,Europe
Burkina Faso,Afrique
Burundi,Afrique
Cabo Verde,Afrique
Cayman Islands ,Amérique du Nord
Cambodia,Asie
Cameroon,Afrique
Canada,Amérique du Nord
Chile,Amérique du Sud
China,Asie
Christmas Island,Océanie
Cyprus,Asie
Cocos (Keeling) Islands ,Océanie
Colombia,Amérique du Sud
Comoros ,Afrique
Congo ,Afrique
Congo (the Democratic Republic of the),Afrique
Cook Islands ,Océanie
Korea (the Republic of),Asie
Korea (the Democratic People's Republic of),Asie
Costa Rica,Amérique du Nord
Côte d'Ivoire,Afrique
Croatia,Europe
Cuba,Amérique du Nord
Curaçao,Amérique du Nord
Denmark,Europe
Djibouti,Afrique
Dominican Republic ,Amérique du Nord
Dominica,Amérique du Nord
Egypt,Afrique
El Salvador,Amérique du Nord
United Arab Emirates ,Asie
Ecuador,Amérique du Sud
Eritrea,Afrique
Spain,Europe
Estonia,Europe
Eswatini,Afrique
United States of America ,Amérique du Nord
Ethiopia,Afrique
Falkland Islands  [Malvinas],Amérique du Sud
Faroe Islands ,Europe
Fiji,Océanie
Finland,Europe
France,Europe
Gabon,Afrique
Gambia ,Afrique
Georgia,Asie
South Georgia and the South Sandwich Islands,Amérique du Sud
Ghana,Afrique
Gibraltar,Europe
Greece,Europe
Grenada,Amérique du Nord
Greenland,Amérique du Nord
Guadeloupe,Amérique du Nord
Guam,Océanie
Guatemala,Amérique du Nord
Guernsey,Europe
Guinea,Afrique
Equatorial Guinea,Afrique
Guinea-Bissau,Afrique
Guyana,Amérique du Sud
French Guiana,Amérique du Sud
Haiti,Amérique du Nord
Heard Island and McDonald Islands,Océanie
Honduras,Amérique du Nord
Hong Kong,Asie
Hungary,Europe
Isle of Man,Europe
United States Minor Outlying Islands ,Océanie
India,Asie
British Indian Ocean Territory ,Afrique
Indonesia,Asie
Iran (Islamic Republic of),Asie
Iraq,Asie
Ireland,Europe
Iceland,Europe
Israel,Asie
Italy,Europe
Jamaica,Amérique du Nord
Japan,Asie
Jersey,Europe
Jordan,Asie
Kazakhstan,Asie
Kenya,Afrique
Kyrgyzstan,Asie
Kiribati,Océanie
Kuwait,Asie
Lao People's Democratic Republic ,Asie
Lesotho,Afrique
Latvia,Europe
Lebanon,Asie
Liberia,Afrique
Libya,Afrique
Liechtenstein,Europe
Lithuania,Europe
Luxembourg,Europe
Macao,Asie
North Macedonia,Europe
Madagascar,Afrique
Malaysia,Asie
Malawi,Afrique
Maldives,Asie
Mali,Afrique
Malta,Europe
Northern Mariana Islands ,Océanie
Morocco,Afrique
Marshall Islands ,Océanie
Martinique,Amérique du Nord
Mauritius,Afrique
Mauritania,Afrique
Mayotte,Afrique
Mexico,Amérique du Nord
Micronesia (Federated States of),Océanie
Moldova (the Republic of),Europe
Monaco,Europe
Mongolia,Asie
Montenegro,Europe
Montserrat,Amérique du Nord
Mozambique,Afrique
Myanmar,Asie
Namibia,Afrique
Nauru,Océanie
Nepal,Asie
Nicaragua,Amérique du Nord
Niger ,Afrique
Nigeria,Afrique
Niue,Océanie
Norfolk Island,Océanie
Norway,Europe
New Caledonia,Océanie
New Zealand,Océanie
Oman,Asie
Uganda,Afrique
Uzbekistan,Asie
Pakistan,Asie
Palau,Océanie
"Palestine, State of",Asie
Panama,Amérique du Nord
Papua New Guinea,Océanie
Paraguay,Amérique du Sud
Netherlands ,Europe
Peru,Amérique du Sud
Philippines ,Asie
Pitcairn,Océanie
Poland,Europe
French Polynesia,Océanie
Puerto Rico,Amérique du Nord
Portugal,Europe
Qatar,Asie
Syrian Arab Republic ,Asie
Central Afriquen Republic ,Afrique
Réunion,Afrique
Romania,Europe
United Kingdom of Great Britain and Northern Ireland ,Europe
Russian Federation ,Europe
Rwanda,Afrique
Western Sahara,Afrique
Saint Barthélemy,Amérique du Nord
"Saint Helena, Ascension and Tristan da Cunha",Afrique
Saint Lucia,Amérique du Nord
Saint Kitts and Nevis,Amérique du Nord
San Marino,Europe
Saint Martin (French part),Amérique du Nord
Sint Maarten (Dutch part),Amérique du Nord
Saint Pierre and Miquelon,Amérique du Nord
Holy See ,Europe
Saint Vincent and the Grenadines,Amérique du Nord
Solomon Islands,Océanie
Samoa,Océanie
American Samoa,Océanie
Sao Tome and Principe,Afrique
Senegal,Afrique
Serbia,Europe
Seychelles,Afrique
Sierra Leone,Afrique
Singapore,Asie
Slovakia,Europe
Slovenia,Europe
Somalia,Afrique
Sudan ,Afrique
South Sudan,Afrique
Sri Lanka,Asie
Sweden,Europe
Switzerland,Europe
Suriname,Amérique du Sud
Svalbard and Jan Mayen,Europe
Tajikistan,Asie
Taiwan (Province of China),Asie
"Tanzania, the United Republic of",Afrique
Chad,Afrique
Czechia,Europe
French Southern Territories ,Afrique
Thailand,Asie
Timor-Leste,Asie
Togo,Afrique
Tokelau,Océanie
Tonga,Océanie
Trinidad and Tobago,Amérique du Nord
Tunisia,Afrique
Turkmenistan,Asie
Turks and Caicos Islands ,Amérique du Nord
Turkey,Asie
Tuvalu,Océanie
Ukraine,Europe
Uruguay,Amérique du Sud
Vanuatu,Océanie
Venezuela (Bolivarian Republic of),Amérique du Sud
Virgin Islands (British),Amérique du Nord
Virgin Islands (U.S.),Amérique du Nord
Viet Nam,Asie
Wallis and Futuna,Océanie
Yemen,Asie
Zambia,Afrique
Zimbabwe,Afrique